{
  "zoom": 16,
  "x_min": 33355,
  "x_max": 33364,
  "y_min": 21986,
  "y_max": 21993,
  "lat_top": 50.8406358,
  "lat_bot": 50.812877,
  "lon_left": 3.2244873,
  "lon_right": 3.2794189,
  "cols": 10,
  "rows": 8,
  "tile_px": 256,
  "img_w": 2560,
  "img_h": 2048
}